{"1":{"StrictlyBeatsRatio":1.4868106745780095e-14,"EquityRatio":0,"StrictlyBeatenByRatio":0.9999999999999851},"2":{"StrictlyBeatsRatio":1.4868106745780095e-14,"EquityRatio":0.09140000000000159,"StrictlyBeatenByRatio":0.9085999999999835},"3":{"StrictlyBeatsRatio":0.09140000000001645,"EquityRatio":0.24789999999998902,"StrictlyBeatenByRatio":0.6606999999999945},"4":{"StrictlyBeatsRatio":0.3393000000000055,"EquityRatio":0.16589999999999805,"StrictlyBeatenByRatio":0.49479999999999646},"5":{"StrictlyBeatsRatio":0.5052000000000035,"EquityRatio":0.20059999999999423,"StrictlyBeatenByRatio":0.2942000000000023},"6":{"StrictlyBeatsRatio":0.7057999999999978,"EquityRatio":0.13800000000000112,"StrictlyBeatenByRatio":0.15620000000000117},"7":{"StrictlyBeatsRatio":0.8437999999999988,"EquityRatio":0.13800000000000112,"StrictlyBeatenByRatio":0.018200000000000074},"8":{"StrictlyBeatsRatio":0.9817999999999999,"EquityRatio":0.015599999999999961,"StrictlyBeatenByRatio":0.002600000000000051},"9":{"StrictlyBeatsRatio":0.9974,"EquityRatio":0.0025999999999999994,"StrictlyBeatenByRatio":0}}
