{"1":{"StrictlyBeatsRatio":4.355626970209414e-14,"EquityRatio":0.17129999999999745,"StrictlyBeatenByRatio":0.828699999999959},"2":{"StrictlyBeatsRatio":0.17130000000004103,"EquityRatio":0.43449999999996847,"StrictlyBeatenByRatio":0.3941999999999905},"3":{"StrictlyBeatsRatio":0.6058000000000096,"EquityRatio":0.2397999999999899,"StrictlyBeatenByRatio":0.15440000000000054},"4":{"StrictlyBeatsRatio":0.8455999999999995,"EquityRatio":0.04670000000000031,"StrictlyBeatenByRatio":0.10770000000000024},"5":{"StrictlyBeatsRatio":0.8922999999999998,"EquityRatio":0.050300000000000414,"StrictlyBeatenByRatio":0.057399999999999805},"6":{"StrictlyBeatsRatio":0.9426000000000002,"EquityRatio":0.029399999999999878,"StrictlyBeatenByRatio":0.027999999999999973},"7":{"StrictlyBeatsRatio":0.972,"EquityRatio":0.026199999999999897,"StrictlyBeatenByRatio":0.0018000000000000683},"8":{"StrictlyBeatsRatio":0.9982,"EquityRatio":0.0017000000000000006,"StrictlyBeatenByRatio":0.00010000000000005117},"9":{"StrictlyBeatsRatio":0.9998999999999999,"EquityRatio":0.0001,"StrictlyBeatenByRatio":0}}
