{"1":{"StrictlyBeatsRatio":1.666222715357435e-14,"EquityRatio":0,"StrictlyBeatenByRatio":0.9999999999999833},"2":{"StrictlyBeatsRatio":1.666222715357435e-14,"EquityRatio":0.07820000000000121,"StrictlyBeatenByRatio":0.9217999999999822},"3":{"StrictlyBeatsRatio":0.07820000000001787,"EquityRatio":0.2271999999999913,"StrictlyBeatenByRatio":0.6945999999999909},"4":{"StrictlyBeatsRatio":0.30540000000000916,"EquityRatio":0.1690999999999977,"StrictlyBeatenByRatio":0.5254999999999932},"5":{"StrictlyBeatsRatio":0.47450000000000686,"EquityRatio":0.2090999999999933,"StrictlyBeatenByRatio":0.31639999999999985},"6":{"StrictlyBeatsRatio":0.6836000000000001,"EquityRatio":0.1400000000000009,"StrictlyBeatenByRatio":0.176399999999999},"7":{"StrictlyBeatsRatio":0.823600000000001,"EquityRatio":0.157199999999999,"StrictlyBeatenByRatio":0.019200000000000016},"8":{"StrictlyBeatsRatio":0.9808,"EquityRatio":0.016099999999999958,"StrictlyBeatenByRatio":0.003100000000000023},"9":{"StrictlyBeatsRatio":0.9969,"EquityRatio":0.0030999999999999986,"StrictlyBeatenByRatio":0}}
