{"1":{"StrictlyBeatsRatio":1.2394703319262846e-14,"EquityRatio":0.0002,"StrictlyBeatenByRatio":0.9997999999999877},"2":{"StrictlyBeatsRatio":0.00020000000001239472,"EquityRatio":0.129900000000002,"StrictlyBeatenByRatio":0.8698999999999856},"3":{"StrictlyBeatsRatio":0.1301000000000144,"EquityRatio":0.2954999999999838,"StrictlyBeatenByRatio":0.5744000000000018},"4":{"StrictlyBeatsRatio":0.4255999999999982,"EquityRatio":0.14300000000000057,"StrictlyBeatenByRatio":0.4314000000000013},"5":{"StrictlyBeatsRatio":0.5685999999999987,"EquityRatio":0.17569999999999697,"StrictlyBeatenByRatio":0.2557000000000043},"6":{"StrictlyBeatsRatio":0.7442999999999956,"EquityRatio":0.11710000000000233,"StrictlyBeatenByRatio":0.13860000000000197},"7":{"StrictlyBeatsRatio":0.8613999999999981,"EquityRatio":0.12970000000000204,"StrictlyBeatenByRatio":0.008900000000000005},"8":{"StrictlyBeatsRatio":0.9911,"EquityRatio":0.007400000000000006,"StrictlyBeatenByRatio":0.0015000000000000568},"9":{"StrictlyBeatsRatio":0.9984999999999999,"EquityRatio":0.0015000000000000005,"StrictlyBeatenByRatio":0}}
