{"1":{"StrictlyBeatsRatio":3.8893332998668483e-14,"EquityRatio":0.06310000000000078,"StrictlyBeatenByRatio":0.9368999999999603},"2":{"StrictlyBeatsRatio":0.06310000000003967,"EquityRatio":0.37119999999997544,"StrictlyBeatenByRatio":0.5656999999999849},"3":{"StrictlyBeatsRatio":0.4343000000000151,"EquityRatio":0.31309999999998184,"StrictlyBeatenByRatio":0.25260000000000304},"4":{"StrictlyBeatsRatio":0.747399999999997,"EquityRatio":0.0741000000000011,"StrictlyBeatenByRatio":0.17850000000000193},"5":{"StrictlyBeatsRatio":0.8214999999999981,"EquityRatio":0.07470000000000111,"StrictlyBeatenByRatio":0.10380000000000081},"6":{"StrictlyBeatsRatio":0.8961999999999992,"EquityRatio":0.05580000000000057,"StrictlyBeatenByRatio":0.04800000000000026},"7":{"StrictlyBeatsRatio":0.9519999999999997,"EquityRatio":0.044400000000000245,"StrictlyBeatenByRatio":0.0035999999999999943},"8":{"StrictlyBeatsRatio":0.9964,"EquityRatio":0.0026999999999999993,"StrictlyBeatenByRatio":0.0009000000000000341},"9":{"StrictlyBeatsRatio":0.9991,"EquityRatio":0.0009000000000000002,"StrictlyBeatenByRatio":0}}
