{"1":{"StrictlyBeatsRatio":2.4894530881169884e-14,"EquityRatio":0.005400000000000001,"StrictlyBeatenByRatio":0.9945999999999751},"2":{"StrictlyBeatsRatio":0.005400000000024896,"EquityRatio":0.24059999999998982,"StrictlyBeatenByRatio":0.7539999999999852},"3":{"StrictlyBeatsRatio":0.24600000000001473,"EquityRatio":0.3441999999999784,"StrictlyBeatenByRatio":0.4098000000000069},"4":{"StrictlyBeatsRatio":0.5901999999999932,"EquityRatio":0.11060000000000214,"StrictlyBeatenByRatio":0.2992000000000047},"5":{"StrictlyBeatsRatio":0.7007999999999953,"EquityRatio":0.1290000000000021,"StrictlyBeatenByRatio":0.17020000000000252},"6":{"StrictlyBeatsRatio":0.8297999999999974,"EquityRatio":0.08220000000000133,"StrictlyBeatenByRatio":0.08800000000000124},"7":{"StrictlyBeatsRatio":0.9119999999999987,"EquityRatio":0.08160000000000131,"StrictlyBeatenByRatio":0.0064000000000000055},"8":{"StrictlyBeatsRatio":0.9936,"EquityRatio":0.005400000000000001,"StrictlyBeatenByRatio":0.0009999999999999432},"9":{"StrictlyBeatsRatio":0.9990000000000001,"EquityRatio":0.0010000000000000002,"StrictlyBeatenByRatio":0}}
