{"1":{"StrictlyBeatsRatio":1.3251622021925868e-14,"EquityRatio":0,"StrictlyBeatenByRatio":0.9999999999999868},"2":{"StrictlyBeatsRatio":1.3251622021925868e-14,"EquityRatio":0.10610000000000201,"StrictlyBeatenByRatio":0.8938999999999848},"3":{"StrictlyBeatsRatio":0.10610000000001527,"EquityRatio":0.26669999999998695,"StrictlyBeatenByRatio":0.6271999999999978},"4":{"StrictlyBeatsRatio":0.37280000000000224,"EquityRatio":0.1600999999999987,"StrictlyBeatenByRatio":0.46709999999999907},"5":{"StrictlyBeatsRatio":0.5329000000000009,"EquityRatio":0.1917999999999952,"StrictlyBeatenByRatio":0.2753000000000039},"6":{"StrictlyBeatsRatio":0.7246999999999961,"EquityRatio":0.12780000000000225,"StrictlyBeatenByRatio":0.14750000000000157},"7":{"StrictlyBeatsRatio":0.8524999999999985,"EquityRatio":0.13420000000000154,"StrictlyBeatenByRatio":0.013299999999999984},"8":{"StrictlyBeatsRatio":0.9867,"EquityRatio":0.010599999999999991,"StrictlyBeatenByRatio":0.0026999999999999602},"9":{"StrictlyBeatsRatio":0.9973000000000001,"EquityRatio":0.0026999999999999993,"StrictlyBeatenByRatio":0}}
