{"1":{"StrictlyBeatsRatio":3.2378544290168064e-14,"EquityRatio":0.019899999999999935,"StrictlyBeatenByRatio":0.9800999999999677},"2":{"StrictlyBeatsRatio":0.019900000000032315,"EquityRatio":0.30209999999998305,"StrictlyBeatenByRatio":0.6779999999999846},"3":{"StrictlyBeatsRatio":0.3220000000000154,"EquityRatio":0.33849999999997904,"StrictlyBeatenByRatio":0.3395000000000056},"4":{"StrictlyBeatsRatio":0.6604999999999944,"EquityRatio":0.0881000000000015,"StrictlyBeatenByRatio":0.2514000000000041},"5":{"StrictlyBeatsRatio":0.7485999999999958,"EquityRatio":0.11040000000000214,"StrictlyBeatenByRatio":0.14100000000000193},"6":{"StrictlyBeatsRatio":0.8589999999999981,"EquityRatio":0.07040000000000099,"StrictlyBeatenByRatio":0.07060000000000087},"7":{"StrictlyBeatsRatio":0.9293999999999991,"EquityRatio":0.06640000000000087,"StrictlyBeatenByRatio":0.004200000000000017},"8":{"StrictlyBeatsRatio":0.9958,"EquityRatio":0.0037999999999999974,"StrictlyBeatenByRatio":0.0004000000000000625},"9":{"StrictlyBeatsRatio":0.9995999999999999,"EquityRatio":0.0004,"StrictlyBeatenByRatio":0}}
