{"1":{"StrictlyBeatsRatio":1.8774704013679865e-14,"EquityRatio":0.0017000000000000006,"StrictlyBeatenByRatio":0.9982999999999812},"2":{"StrictlyBeatsRatio":0.0017000000000187755,"EquityRatio":0.19469999999999488,"StrictlyBeatenByRatio":0.8035999999999863},"3":{"StrictlyBeatsRatio":0.19640000000001365,"EquityRatio":0.3214999999999809,"StrictlyBeatenByRatio":0.4821000000000054},"4":{"StrictlyBeatsRatio":0.5178999999999946,"EquityRatio":0.13130000000000186,"StrictlyBeatenByRatio":0.35080000000000355},"5":{"StrictlyBeatsRatio":0.6491999999999964,"EquityRatio":0.14790000000000003,"StrictlyBeatenByRatio":0.20290000000000347},"6":{"StrictlyBeatsRatio":0.7970999999999965,"EquityRatio":0.09780000000000177,"StrictlyBeatenByRatio":0.10510000000000176},"7":{"StrictlyBeatsRatio":0.8948999999999983,"EquityRatio":0.0952000000000017,"StrictlyBeatenByRatio":0.009900000000000091},"8":{"StrictlyBeatsRatio":0.9900999999999999,"EquityRatio":0.008400000000000005,"StrictlyBeatenByRatio":0.0015000000000000568},"9":{"StrictlyBeatsRatio":0.9984999999999999,"EquityRatio":0.0015000000000000005,"StrictlyBeatenByRatio":0}}
