{"1":{"StrictlyBeatsRatio":1.6274204206467858e-14,"EquityRatio":0.0007000000000000001,"StrictlyBeatenByRatio":0.9992999999999838},"2":{"StrictlyBeatsRatio":0.0007000000000162743,"EquityRatio":0.1600999999999987,"StrictlyBeatenByRatio":0.8391999999999851},"3":{"StrictlyBeatsRatio":0.160800000000015,"EquityRatio":0.2995999999999833,"StrictlyBeatenByRatio":0.5396000000000017},"4":{"StrictlyBeatsRatio":0.4603999999999983,"EquityRatio":0.1445000000000004,"StrictlyBeatenByRatio":0.39510000000000134},"5":{"StrictlyBeatsRatio":0.6048999999999987,"EquityRatio":0.1727999999999973,"StrictlyBeatenByRatio":0.22230000000000402},"6":{"StrictlyBeatsRatio":0.777699999999996,"EquityRatio":0.10280000000000192,"StrictlyBeatenByRatio":0.11950000000000216},"7":{"StrictlyBeatsRatio":0.8804999999999978,"EquityRatio":0.10880000000000209,"StrictlyBeatenByRatio":0.010700000000000074},"8":{"StrictlyBeatsRatio":0.9893,"EquityRatio":0.009000000000000001,"StrictlyBeatenByRatio":0.001700000000000017},"9":{"StrictlyBeatsRatio":0.9983,"EquityRatio":0.0017000000000000006,"StrictlyBeatenByRatio":0}}
